"2024-11-21","2024-11-22","2024-11-25","2024-11-26","2024-11-28","2024-11-29","2024-12-02","2024-12-03","2024-12-04","2024-12-05","2024-12-06","2024-12-09","2024-12-10","2024-12-11","2024-12-12","2024-12-13","2024-12-16","2024-12-17","2024-12-18","2024-12-19","2024-12-20","2024-12-23","2024-12-24","2024-12-25","2024-12-26","2024-12-27","2024-12-30","2024-12-31","2025-01-02","2025-01-03","2025-01-06","2025-01-07","2025-01-08","2025-01-09","2025-01-12","2025-01-13","2025-01-14","2025-01-15","2025-01-16","2025-01-17","2025-01-20","2025-01-21","2025-01-22","2025-01-23","2025-01-27","2025-01-28","2025-01-29","2025-01-30","2025-01-31","2025-02-03","2025-02-04","2025-02-05","2025-02-06","2025-02-07","2025-02-10","2025-02-11","2025-02-12","2025-02-13","2025-02-14","2025-02-17","2025-02-18","2025-02-19","2025-02-20","2025-02-21","2025-02-24","2025-02-25","2025-02-27","2025-02-28"
"AAPL","AAPL","AAPL","AAPL","AAPL","AAPL","AAPL","AAPL","AAPL","AAPL","AAPL","AAPL","AAPL","AAPL","AAPL","AAPL","AAPL","AAPL","AAPL","AAPL","AAPL","AAPL","AAPL","AAPL","AAPL","AAPL","AAPL","AAPL","AAPL","AAPL","AAPL","AAPL","AAPL","AAPL","AAPL","AAPL","AAPL","AAPL","AAPL","AAPL","AAPL","AAPL","AAPL","AAPL","AAPL","AAPL","AAPL","AAPL","AAPL","AAPL","AAPL","AAPL","AAPL","AAPL","AAPL","AAPL","AAPL","AAPL","AAPL","AAPL","AAPL","AAPL","AAPL","AAPL","AAPL","AAPL","AAPL","AAPL"
"ABNB","ABNB","ABNB","ABNB","ABNB","ABNB","ABNB","ABNB","ABNB","ABNB","ABNB","ABNB","ABNB","ABNB","ABNB","ABNB","ABNB","ABNB","ABNB","ABNB","ABNB","ABNB","ABNB","ABNB","AMAT","AMAT","AMAT","AMAT","AMAT","AMAT","AMAT","AMAT","AMAT","AMAT","ABNB","AMAT","AMAT","AMAT","AMAT","AMAT","ABNB","AMAT","AMAT","AMAT","AMAT","AMAT","AMAT","AMAT","AMAT","AMAT","AMAT","AMAT","AMAT","AMAT","AMAT","AMAT","AMAT","AMAT","AMAT","ABNB","AMAT","AMAT","AMAT","AMAT","AMAT","AMAT","AMAT","AMAT"
"ADBE","ADBE","ADBE","ADBE","ADBE","ADBE","ADBE","ADBE","ADBE","ADBE","ADBE","ADBE","ADBE","ADBE","ADBE","ADBE","ADBE","ADBE","ADBE","ADBE","ADBE","ADBE","ADBE","ADBE","AMGN","AMGN","AMGN","AMGN","AMGN","AMGN","AMGN","AMGN","AMGN","AMGN","ADBE","AMGN","AMGN","AMGN","AMGN","AMGN","ADBE","AMGN","AMGN","AMGN","AMGN","AMGN","AMGN","AMGN","AMGN","AMGN","AMGN","AMGN","AMGN","AMGN","AMGN","AMGN","AMGN","AMGN","AMGN","ADBE","AMGN","AMGN","AMGN","AMGN","AMGN","AMGN","AMGN","AMGN"
"ADI","ADI","ADI","ADI","ADI","ADI","ADI","ADI","ADI","ADI","ADI","ADI","ADI","ADI","ADI","ADI","ADI","ADI","ADI","ADI","ADI","ADI","ADI","ADI","CMCSA","CMCSA","CMCSA","CMCSA","CMCSA","CMCSA","CMCSA","CMCSA","CMCSA","CMCSA","ADI","CMCSA","CMCSA","CMCSA","CMCSA","CMCSA","ADI","CMCSA","CMCSA","CMCSA","CMCSA","CMCSA","CMCSA","CMCSA","CMCSA","CMCSA","CMCSA","CMCSA","CMCSA","CMCSA","CMCSA","CMCSA","CMCSA","CMCSA","CMCSA","ADI","CMCSA","CMCSA","CMCSA","CMCSA","CMCSA","CMCSA","CMCSA","CMCSA"
"ADP","ADP","ADP","ADP","ADP","ADP","ADP","ADP","ADP","ADP","ADP","ADP","ADP","ADP","ADP","ADP","ADP","ADP","ADP","ADP","ADP","ADP","ADP","ADP","INTC","INTC","INTC","INTC","INTC","INTC","INTC","INTC","INTC","INTC","ADP","INTC","INTC","INTC","INTC","INTC","ADP","INTC","INTC","INTC","INTC","INTC","INTC","INTC","INTC","INTC","INTC","INTC","INTC","INTC","INTC","INTC","INTC","INTC","INTC","ADP","INTC","INTC","INTC","INTC","INTC","INTC","INTC","INTC"
"ADSK","ADSK","ADSK","ADSK","ADSK","ADSK","ADSK","ADSK","ADSK","ADSK","ADSK","ADSK","ADSK","ADSK","ADSK","ADSK","ADSK","ADSK","ADSK","ADSK","ADSK","ADSK","ADSK","ADSK","KLAC","KLAC","KLAC","KLAC","KLAC","KLAC","KLAC","KLAC","KLAC","KLAC","ADSK","KLAC","KLAC","KLAC","KLAC","KLAC","ADSK","KLAC","KLAC","KLAC","KLAC","KLAC","KLAC","KLAC","KLAC","KLAC","KLAC","KLAC","KLAC","KLAC","KLAC","KLAC","KLAC","KLAC","KLAC","ADSK","KLAC","KLAC","KLAC","KLAC","KLAC","KLAC","KLAC","KLAC"
"AEP","AEP","AEP","AEP","AEP","AEP","AEP","AEP","AEP","AEP","AEP","AEP","AEP","AEP","AEP","AEP","AEP","AEP","AEP","AEP","AEP","AEP","AEP","AEP","PCAR","PCAR","PCAR","PCAR","PCAR","PCAR","PCAR","PCAR","PCAR","PCAR","AEP","PCAR","PCAR","PCAR","PCAR","PCAR","AEP","PCAR","PCAR","PCAR","PCAR","PCAR","PCAR","PCAR","PCAR","PCAR","PCAR","PCAR","PCAR","PCAR","PCAR","PCAR","PCAR","PCAR","PCAR","AEP","PCAR","PCAR","PCAR","PCAR","PCAR","PCAR","PCAR","PCAR"
"AMAT","AMAT","AMAT","AMAT","AMAT","AMAT","AMAT","AMAT","AMAT","AMAT","AMAT","AMAT","AMAT","AMAT","AMAT","AMAT","AMAT","AMAT","AMAT","AMAT","AMAT","AMAT","AMAT","AMAT","CTAS","CTAS","CTAS","CTAS","CTAS","CTAS","CTAS","CTAS","CTAS","CTAS","AMAT","CTAS","CTAS","CTAS","CTAS","CTAS","AMAT","CTAS","CTAS","CTAS","CTAS","CTAS","CTAS","CTAS","CTAS","CTAS","CTAS","CTAS","CTAS","CTAS","CTAS","CTAS","CTAS","CTAS","CTAS","AMAT","CTAS","CTAS","CTAS","CTAS","CTAS","CTAS","CTAS","CTAS"
"AMD","AMD","AMD","AMD","AMD","AMD","AMD","AMD","AMD","AMD","AMD","AMD","AMD","AMD","AMD","AMD","AMD","AMD","AMD","AMD","AMD","AMD","AMD","AMD","PAYX","PAYX","PAYX","PAYX","PAYX","PAYX","PAYX","PAYX","PAYX","PAYX","AMD","PAYX","PAYX","PAYX","PAYX","PAYX","AMD","PAYX","PAYX","PAYX","PAYX","PAYX","PAYX","PAYX","PAYX","PAYX","PAYX","PAYX","PAYX","PAYX","PAYX","PAYX","PAYX","PAYX","PAYX","AMD","PAYX","PAYX","PAYX","PAYX","PAYX","PAYX","PAYX","PAYX"
"AMGN","AMGN","AMGN","AMGN","AMGN","AMGN","AMGN","AMGN","AMGN","AMGN","AMGN","AMGN","AMGN","AMGN","AMGN","AMGN","AMGN","AMGN","AMGN","AMGN","AMGN","AMGN","AMGN","AMGN","LRCX","LRCX","LRCX","LRCX","LRCX","LRCX","LRCX","LRCX","LRCX","LRCX","AMGN","LRCX","LRCX","LRCX","LRCX","LRCX","AMGN","LRCX","LRCX","LRCX","LRCX","LRCX","LRCX","LRCX","LRCX","LRCX","LRCX","LRCX","LRCX","LRCX","LRCX","LRCX","LRCX","LRCX","LRCX","AMGN","LRCX","LRCX","LRCX","LRCX","LRCX","LRCX","LRCX","LRCX"
"AMZN","AMZN","AMZN","AMZN","AMZN","AMZN","AMZN","AMZN","AMZN","AMZN","AMZN","AMZN","AMZN","AMZN","AMZN","AMZN","AMZN","AMZN","AMZN","AMZN","AMZN","AMZN","AMZN","AMZN","ADSK","ADSK","ADSK","ADSK","ADSK","ADSK","ADSK","ADSK","ADSK","ADSK","AMZN","ADSK","ADSK","ADSK","ADSK","ADSK","AMZN","ADSK","ADSK","ADSK","ADSK","ADSK","ADSK","ADSK","ADSK","ADSK","ADSK","ADSK","ADSK","ADSK","ADSK","ADSK","ADSK","ADSK","ADSK","AMZN","ADSK","ADSK","ADSK","ADSK","ADSK","ADSK","ADSK","ADSK"
"ANSS","ANSS","ANSS","ANSS","ANSS","ANSS","ANSS","ANSS","ANSS","ANSS","ANSS","ANSS","ANSS","ANSS","ANSS","ANSS","ANSS","ANSS","ANSS","ANSS","ANSS","ANSS","ANSS","ANSS","ROST","ROST","ROST","ROST","ROST","ROST","ROST","ROST","ROST","ROST","ANSS","ROST","ROST","ROST","ROST","ROST","ANSS","ROST","ROST","ROST","ROST","ROST","ROST","ROST","ROST","ROST","ROST","ROST","ROST","ROST","ROST","ROST","ROST","ROST","ROST","ANSS","ROST","ROST","ROST","ROST","ROST","ROST","ROST","ROST"
"APP","APP","APP","APP","APP","APP","APP","APP","APP","APP","APP","APP","APP","APP","APP","APP","APP","APP","APP","APP","APP","APP","APP","APP","MNST","MNST","MNST","MNST","MNST","MNST","MNST","MNST","MNST","MNST","APP","MNST","MNST","MNST","MNST","MNST","APP","MNST","MNST","MNST","MNST","MNST","MNST","MNST","MNST","MNST","MNST","MNST","MNST","MNST","MNST","MNST","MNST","MNST","MNST","APP","MNST","MNST","MNST","MNST","MNST","MNST","MNST","MNST"
"ARM","ARM","ARM","ARM","ARM","ARM","ARM","ARM","ARM","ARM","ARM","ARM","ARM","ARM","ARM","ARM","ARM","ARM","ARM","ARM","ARM","ARM","ARM","ARM","MSFT","MSFT","MSFT","MSFT","MSFT","MSFT","MSFT","MSFT","MSFT","MSFT","ARM","MSFT","MSFT","MSFT","MSFT","MSFT","ARM","MSFT","MSFT","MSFT","MSFT","MSFT","MSFT","MSFT","MSFT","MSFT","MSFT","MSFT","MSFT","MSFT","MSFT","MSFT","MSFT","MSFT","MSFT","ARM","MSFT","MSFT","MSFT","MSFT","MSFT","MSFT","MSFT","MSFT"
"ASML","ASML","ASML","ASML","ASML","ASML","ASML","ASML","ASML","ASML","ASML","ASML","ASML","ASML","ASML","ASML","ASML","ASML","ASML","ASML","ASML","ASML","ASML","ASML","ADBE","ADBE","ADBE","ADBE","ADBE","ADBE","ADBE","ADBE","ADBE","ADBE","ASML","ADBE","ADBE","ADBE","ADBE","ADBE","ASML","ADBE","ADBE","ADBE","ADBE","ADBE","ADBE","ADBE","ADBE","ADBE","ADBE","ADBE","ADBE","ADBE","ADBE","ADBE","ADBE","ADBE","ADBE","ASML","ADBE","ADBE","ADBE","ADBE","ADBE","ADBE","ADBE","ADBE"
"AVGO","AVGO","AVGO","AVGO","AVGO","AVGO","AVGO","AVGO","AVGO","AVGO","AVGO","AVGO","AVGO","AVGO","AVGO","AVGO","AVGO","AVGO","AVGO","AVGO","AVGO","AVGO","AVGO","AVGO","FAST","FAST","FAST","FAST","FAST","FAST","FAST","FAST","FAST","FAST","AVGO","FAST","FAST","FAST","FAST","FAST","AVGO","FAST","FAST","FAST","FAST","FAST","FAST","FAST","FAST","FAST","FAST","FAST","FAST","FAST","FAST","FAST","FAST","FAST","FAST","AVGO","FAST","FAST","FAST","FAST","FAST","FAST","FAST","FAST"
"AZN","AZN","AZN","AZN","AZN","AZN","AZN","AZN","AZN","AZN","AZN","AZN","AZN","AZN","AZN","AZN","AZN","AZN","AZN","AZN","AZN","AZN","AZN","AZN","EA","EA","EA","EA","EA","EA","EA","EA","EA","EA","AXON","EA","EA","EA","EA","EA","AXON","EA","EA","EA","EA","EA","EA","EA","EA","EA","EA","EA","EA","EA","EA","EA","EA","EA","EA","AXON","EA","EA","EA","EA","EA","EA","EA","EA"
"BIIB","BIIB","BIIB","BIIB","BIIB","BIIB","BIIB","BIIB","BIIB","BIIB","BIIB","BIIB","BIIB","BIIB","BIIB","BIIB","BIIB","BIIB","BIIB","BIIB","BIIB","BIIB","BIIB","BIIB","CSCO","CSCO","CSCO","CSCO","CSCO","CSCO","CSCO","CSCO","CSCO","CSCO","AZN","CSCO","CSCO","CSCO","CSCO","CSCO","AZN","CSCO","CSCO","CSCO","CSCO","CSCO","CSCO","CSCO","CSCO","CSCO","CSCO","CSCO","CSCO","CSCO","CSCO","CSCO","CSCO","CSCO","CSCO","AZN","CSCO","CSCO","CSCO","CSCO","CSCO","CSCO","CSCO","CSCO"
"BKNG","BKNG","BKNG","BKNG","BKNG","BKNG","BKNG","BKNG","BKNG","BKNG","BKNG","BKNG","BKNG","BKNG","BKNG","BKNG","BKNG","BKNG","BKNG","BKNG","BKNG","BKNG","BKNG","BKNG","REGN","REGN","REGN","REGN","REGN","REGN","REGN","REGN","REGN","REGN","BIIB","REGN","REGN","REGN","REGN","REGN","BIIB","REGN","REGN","REGN","REGN","REGN","REGN","REGN","REGN","REGN","REGN","REGN","REGN","REGN","REGN","REGN","REGN","REGN","REGN","BIIB","REGN","REGN","REGN","REGN","REGN","REGN","REGN","REGN"
"BKR","BKR","BKR","BKR","BKR","BKR","BKR","BKR","BKR","BKR","BKR","BKR","BKR","BKR","BKR","BKR","BKR","BKR","BKR","BKR","BKR","BKR","BKR","BKR","IDXX","IDXX","IDXX","IDXX","IDXX","IDXX","IDXX","IDXX","IDXX","IDXX","BKNG","IDXX","IDXX","IDXX","IDXX","IDXX","BKNG","IDXX","IDXX","IDXX","IDXX","IDXX","IDXX","IDXX","IDXX","IDXX","IDXX","IDXX","IDXX","IDXX","IDXX","IDXX","IDXX","IDXX","IDXX","BKNG","IDXX","IDXX","IDXX","IDXX","IDXX","IDXX","IDXX","IDXX"
"CCEP","CCEP","CCEP","CCEP","CCEP","CCEP","CCEP","CCEP","CCEP","CCEP","CCEP","CCEP","CCEP","CCEP","CCEP","CCEP","CCEP","CCEP","CCEP","CCEP","CCEP","CCEP","CCEP","CCEP","VRTX","VRTX","VRTX","VRTX","VRTX","VRTX","VRTX","VRTX","VRTX","VRTX","BKR","VRTX","VRTX","VRTX","VRTX","VRTX","BKR","VRTX","VRTX","VRTX","VRTX","VRTX","VRTX","VRTX","VRTX","VRTX","VRTX","VRTX","VRTX","VRTX","VRTX","VRTX","VRTX","VRTX","VRTX","BKR","VRTX","VRTX","VRTX","VRTX","VRTX","VRTX","VRTX","VRTX"
"CDNS","CDNS","CDNS","CDNS","CDNS","CDNS","CDNS","CDNS","CDNS","CDNS","CDNS","CDNS","CDNS","CDNS","CDNS","CDNS","CDNS","CDNS","CDNS","CDNS","CDNS","CDNS","CDNS","CDNS","BIIB","BIIB","BIIB","BIIB","BIIB","BIIB","BIIB","BIIB","BIIB","BIIB","CCEP","BIIB","BIIB","BIIB","BIIB","BIIB","CCEP","BIIB","BIIB","BIIB","BIIB","BIIB","BIIB","BIIB","BIIB","BIIB","BIIB","BIIB","BIIB","BIIB","BIIB","BIIB","BIIB","BIIB","BIIB","CCEP","BIIB","BIIB","BIIB","BIIB","BIIB","BIIB","BIIB","BIIB"
"CDW","CDW","CDW","CDW","CDW","CDW","CDW","CDW","CDW","CDW","CDW","CDW","CDW","CDW","CDW","CDW","CDW","CDW","CDW","CDW","CDW","CDW","CDW","CDW","ODFL","ODFL","ODFL","ODFL","ODFL","ODFL","ODFL","ODFL","ODFL","ODFL","CDNS","ODFL","ODFL","ODFL","ODFL","ODFL","CDNS","ODFL","ODFL","ODFL","ODFL","ODFL","ODFL","ODFL","ODFL","ODFL","ODFL","ODFL","ODFL","ODFL","ODFL","ODFL","ODFL","ODFL","ODFL","CDNS","ODFL","ODFL","ODFL","ODFL","ODFL","ODFL","ODFL","ODFL"
"CEG","CEG","CEG","CEG","CEG","CEG","CEG","CEG","CEG","CEG","CEG","CEG","CEG","CEG","CEG","CEG","CEG","CEG","CEG","CEG","CEG","CEG","CEG","CEG","QCOM","QCOM","QCOM","QCOM","QCOM","QCOM","QCOM","QCOM","QCOM","QCOM","CDW","QCOM","QCOM","QCOM","QCOM","QCOM","CDW","QCOM","QCOM","QCOM","QCOM","QCOM","QCOM","QCOM","QCOM","QCOM","QCOM","QCOM","QCOM","QCOM","QCOM","QCOM","QCOM","QCOM","QCOM","CDW","QCOM","QCOM","QCOM","QCOM","QCOM","QCOM","QCOM","QCOM"
"CHTR","CHTR","CHTR","CHTR","CHTR","CHTR","CHTR","CHTR","CHTR","CHTR","CHTR","CHTR","CHTR","CHTR","CHTR","CHTR","CHTR","CHTR","CHTR","CHTR","CHTR","CHTR","CHTR","CHTR","GILD","GILD","GILD","GILD","GILD","GILD","GILD","GILD","GILD","GILD","CEG","GILD","GILD","GILD","GILD","GILD","CEG","GILD","GILD","GILD","GILD","GILD","GILD","GILD","GILD","GILD","GILD","GILD","GILD","GILD","GILD","GILD","GILD","GILD","GILD","CEG","GILD","GILD","GILD","GILD","GILD","GILD","GILD","GILD"
"CMCSA","CMCSA","CMCSA","CMCSA","CMCSA","CMCSA","CMCSA","CMCSA","CMCSA","CMCSA","CMCSA","CMCSA","CMCSA","CMCSA","CMCSA","CMCSA","CMCSA","CMCSA","CMCSA","CMCSA","CMCSA","CMCSA","CMCSA","CMCSA","SNPS","SNPS","SNPS","SNPS","SNPS","SNPS","SNPS","SNPS","SNPS","SNPS","CHTR","SNPS","SNPS","SNPS","SNPS","SNPS","CHTR","SNPS","SNPS","SNPS","SNPS","SNPS","SNPS","SNPS","SNPS","SNPS","SNPS","SNPS","SNPS","SNPS","SNPS","SNPS","SNPS","SNPS","SNPS","CHTR","SNPS","SNPS","SNPS","SNPS","SNPS","SNPS","SNPS","SNPS"
"COST","COST","COST","COST","COST","COST","COST","COST","COST","COST","COST","COST","COST","COST","COST","COST","COST","COST","COST","COST","COST","COST","COST","COST","SBUX","SBUX","SBUX","SBUX","SBUX","SBUX","SBUX","SBUX","SBUX","SBUX","CMCSA","SBUX","SBUX","SBUX","SBUX","SBUX","CMCSA","SBUX","SBUX","SBUX","SBUX","SBUX","SBUX","SBUX","SBUX","SBUX","SBUX","SBUX","SBUX","SBUX","SBUX","SBUX","SBUX","SBUX","SBUX","CMCSA","SBUX","SBUX","SBUX","SBUX","SBUX","SBUX","SBUX","SBUX"
"CPRT","CPRT","CPRT","CPRT","CPRT","CPRT","CPRT","CPRT","CPRT","CPRT","CPRT","CPRT","CPRT","CPRT","CPRT","CPRT","CPRT","CPRT","CPRT","CPRT","CPRT","CPRT","CPRT","CPRT","INTU","INTU","INTU","INTU","INTU","INTU","INTU","INTU","INTU","INTU","COST","INTU","INTU","INTU","INTU","INTU","COST","INTU","INTU","INTU","INTU","INTU","INTU","INTU","INTU","INTU","INTU","INTU","INTU","INTU","INTU","INTU","INTU","INTU","INTU","COST","INTU","INTU","INTU","INTU","INTU","INTU","INTU","INTU"
"CRWD","CRWD","CRWD","CRWD","CRWD","CRWD","CRWD","CRWD","CRWD","CRWD","CRWD","CRWD","CRWD","CRWD","CRWD","CRWD","CRWD","CRWD","CRWD","CRWD","CRWD","CRWD","CRWD","CRWD","MCHP","MCHP","MCHP","MCHP","MCHP","MCHP","MCHP","MCHP","MCHP","MCHP","CPRT","MCHP","MCHP","MCHP","MCHP","MCHP","CPRT","MCHP","MCHP","MCHP","MCHP","MCHP","MCHP","MCHP","MCHP","MCHP","MCHP","MCHP","MCHP","MCHP","MCHP","MCHP","MCHP","MCHP","MCHP","CPRT","MCHP","MCHP","MCHP","MCHP","MCHP","MCHP","MCHP","MCHP"
"CSCO","CSCO","CSCO","CSCO","CSCO","CSCO","CSCO","CSCO","CSCO","CSCO","CSCO","CSCO","CSCO","CSCO","CSCO","CSCO","CSCO","CSCO","CSCO","CSCO","CSCO","CSCO","CSCO","CSCO","ORLY","ORLY","ORLY","ORLY","ORLY","ORLY","ORLY","ORLY","ORLY","ORLY","CRWD","ORLY","ORLY","ORLY","ORLY","ORLY","CRWD","ORLY","ORLY","ORLY","ORLY","ORLY","ORLY","ORLY","ORLY","ORLY","ORLY","ORLY","ORLY","ORLY","ORLY","ORLY","ORLY","ORLY","ORLY","CRWD","ORLY","ORLY","ORLY","ORLY","ORLY","ORLY","ORLY","ORLY"
"CSGP","CSGP","CSGP","CSGP","CSGP","CSGP","CSGP","CSGP","CSGP","CSGP","CSGP","CSGP","CSGP","CSGP","CSGP","CSGP","CSGP","CSGP","CSGP","CSGP","CSGP","CSGP","CSGP","CSGP","COST","COST","COST","COST","COST","COST","COST","COST","COST","COST","CSCO","COST","COST","COST","COST","COST","CSCO","COST","COST","COST","COST","COST","COST","COST","COST","COST","COST","COST","COST","COST","COST","COST","COST","COST","COST","CSCO","COST","COST","COST","COST","COST","COST","COST","COST"
"CSX","CSX","CSX","CSX","CSX","CSX","CSX","CSX","CSX","CSX","CSX","CSX","CSX","CSX","CSX","CSX","CSX","CSX","CSX","CSX","CSX","CSX","CSX","CSX","CPRT","CPRT","CPRT","CPRT","CPRT","CPRT","CPRT","CPRT","CPRT","CPRT","CSGP","CPRT","CPRT","CPRT","CPRT","CPRT","CSGP","CPRT","CPRT","CPRT","CPRT","CPRT","CPRT","CPRT","CPRT","CPRT","CPRT","CPRT","CPRT","CPRT","CPRT","CPRT","CPRT","CPRT","CPRT","CSGP","CPRT","CPRT","CPRT","CPRT","CPRT","CPRT","CPRT","CPRT"
"CTAS","CTAS","CTAS","CTAS","CTAS","CTAS","CTAS","CTAS","CTAS","CTAS","CTAS","CTAS","CTAS","CTAS","CTAS","CTAS","CTAS","CTAS","CTAS","CTAS","CTAS","CTAS","CTAS","CTAS","ASML","ASML","ASML","ASML","ASML","ASML","ASML","ASML","ASML","ASML","CSX","ASML","ASML","ASML","ASML","ASML","CSX","ASML","ASML","ASML","ASML","ASML","ASML","ASML","ASML","ASML","ASML","ASML","ASML","ASML","ASML","ASML","ASML","ASML","ASML","CSX","ASML","ASML","ASML","ASML","ASML","ASML","ASML","ASML"
"CTSH","CTSH","CTSH","CTSH","CTSH","CTSH","CTSH","CTSH","CTSH","CTSH","CTSH","CTSH","CTSH","CTSH","CTSH","CTSH","CTSH","CTSH","CTSH","CTSH","CTSH","CTSH","CTSH","CTSH","ANSS","ANSS","ANSS","ANSS","ANSS","ANSS","ANSS","ANSS","ANSS","ANSS","CTAS","ANSS","ANSS","ANSS","ANSS","ANSS","CTAS","ANSS","ANSS","ANSS","ANSS","ANSS","ANSS","ANSS","ANSS","ANSS","ANSS","ANSS","ANSS","ANSS","ANSS","ANSS","ANSS","ANSS","ANSS","CTAS","ANSS","ANSS","ANSS","ANSS","ANSS","ANSS","ANSS","ANSS"
"DASH","DASH","DASH","DASH","DASH","DASH","DASH","DASH","DASH","DASH","DASH","DASH","DASH","DASH","DASH","DASH","DASH","DASH","DASH","DASH","DASH","DASH","DASH","DASH","TTWO","TTWO","TTWO","TTWO","TTWO","TTWO","TTWO","TTWO","TTWO","TTWO","CTSH","TTWO","TTWO","TTWO","TTWO","TTWO","CTSH","TTWO","TTWO","TTWO","TTWO","TTWO","TTWO","TTWO","TTWO","TTWO","TTWO","TTWO","TTWO","TTWO","TTWO","TTWO","TTWO","TTWO","TTWO","CTSH","TTWO","TTWO","TTWO","TTWO","TTWO","TTWO","TTWO","TTWO"
"DDOG","DDOG","DDOG","DDOG","DDOG","DDOG","DDOG","DDOG","DDOG","DDOG","DDOG","DDOG","DDOG","DDOG","DDOG","DDOG","DDOG","DDOG","DDOG","DDOG","DDOG","DDOG","DDOG","DDOG","AMZN","AMZN","AMZN","AMZN","AMZN","AMZN","AMZN","AMZN","AMZN","AMZN","DASH","AMZN","AMZN","AMZN","AMZN","AMZN","DASH","AMZN","AMZN","AMZN","AMZN","AMZN","AMZN","AMZN","AMZN","AMZN","AMZN","AMZN","AMZN","AMZN","AMZN","AMZN","AMZN","AMZN","AMZN","DASH","AMZN","AMZN","AMZN","AMZN","AMZN","AMZN","AMZN","AMZN"
"DXCM","DXCM","DXCM","DXCM","DXCM","DXCM","DXCM","DXCM","DXCM","DXCM","DXCM","DXCM","DXCM","DXCM","DXCM","DXCM","DXCM","DXCM","DXCM","DXCM","DXCM","DXCM","DXCM","DXCM","MSTR","MSTR","MSTR","MSTR","MSTR","MSTR","MSTR","MSTR","MSTR","MSTR","DDOG","MSTR","MSTR","MSTR","MSTR","MSTR","DDOG","MSTR","MSTR","MSTR","MSTR","MSTR","MSTR","MSTR","MSTR","MSTR","MSTR","MSTR","MSTR","MSTR","MSTR","MSTR","MSTR","MSTR","MSTR","DDOG","MSTR","MSTR","MSTR","MSTR","MSTR","MSTR","MSTR","MSTR"
"EA","EA","EA","EA","EA","EA","EA","EA","EA","EA","EA","EA","EA","EA","EA","EA","EA","EA","EA","EA","EA","EA","EA","EA","CTSH","CTSH","CTSH","CTSH","CTSH","CTSH","CTSH","CTSH","CTSH","CTSH","DXCM","CTSH","CTSH","CTSH","CTSH","CTSH","DXCM","CTSH","CTSH","CTSH","CTSH","CTSH","CTSH","CTSH","CTSH","CTSH","CTSH","CTSH","CTSH","CTSH","CTSH","CTSH","CTSH","CTSH","CTSH","DXCM","CTSH","CTSH","CTSH","CTSH","CTSH","CTSH","CTSH","CTSH"
"EXC","EXC","EXC","EXC","EXC","EXC","EXC","EXC","EXC","EXC","EXC","EXC","EXC","EXC","EXC","EXC","EXC","EXC","EXC","EXC","EXC","EXC","EXC","EXC","CSGP","CSGP","CSGP","CSGP","CSGP","CSGP","CSGP","CSGP","CSGP","CSGP","EA","CSGP","CSGP","CSGP","CSGP","CSGP","EA","CSGP","CSGP","CSGP","CSGP","CSGP","CSGP","CSGP","CSGP","CSGP","CSGP","CSGP","CSGP","CSGP","CSGP","CSGP","CSGP","CSGP","CSGP","EA","CSGP","CSGP","CSGP","CSGP","CSGP","CSGP","CSGP","CSGP"
"FANG","FANG","FANG","FANG","FANG","FANG","FANG","FANG","FANG","FANG","FANG","FANG","FANG","FANG","FANG","FANG","FANG","FANG","FANG","FANG","FANG","FANG","FANG","FANG","NVDA","NVDA","NVDA","NVDA","NVDA","NVDA","NVDA","NVDA","NVDA","NVDA","EXC","NVDA","NVDA","NVDA","NVDA","NVDA","EXC","NVDA","NVDA","NVDA","NVDA","NVDA","NVDA","NVDA","NVDA","NVDA","NVDA","NVDA","NVDA","NVDA","NVDA","NVDA","NVDA","NVDA","NVDA","EXC","NVDA","NVDA","NVDA","NVDA","NVDA","NVDA","NVDA","NVDA"
"FAST","FAST","FAST","FAST","FAST","FAST","FAST","FAST","FAST","FAST","FAST","FAST","FAST","FAST","FAST","FAST","FAST","FAST","FAST","FAST","FAST","FAST","FAST","FAST","BKNG","BKNG","BKNG","BKNG","BKNG","BKNG","BKNG","BKNG","BKNG","BKNG","FANG","BKNG","BKNG","BKNG","BKNG","BKNG","FANG","BKNG","BKNG","BKNG","BKNG","BKNG","BKNG","BKNG","BKNG","BKNG","BKNG","BKNG","BKNG","BKNG","BKNG","BKNG","BKNG","BKNG","BKNG","FANG","BKNG","BKNG","BKNG","BKNG","BKNG","BKNG","BKNG","BKNG"
"FTNT","FTNT","FTNT","FTNT","FTNT","FTNT","FTNT","FTNT","FTNT","FTNT","FTNT","FTNT","FTNT","FTNT","FTNT","FTNT","FTNT","FTNT","FTNT","FTNT","FTNT","FTNT","FTNT","FTNT","ON","ON","ON","ON","ON","ON","ON","ON","ON","ON","FAST","ON","ON","ON","ON","ON","FAST","ON","ON","ON","ON","ON","ON","ON","ON","ON","ON","ON","ON","ON","ON","ON","ON","ON","ON","FAST","ON","ON","ON","ON","ON","ON","ON","ON"
"GEHC","GEHC","GEHC","GEHC","GEHC","GEHC","GEHC","GEHC","GEHC","GEHC","GEHC","GEHC","GEHC","GEHC","GEHC","GEHC","GEHC","GEHC","GEHC","GEHC","GEHC","GEHC","GEHC","GEHC","ISRG","ISRG","ISRG","ISRG","ISRG","ISRG","ISRG","ISRG","ISRG","ISRG","FTNT","ISRG","ISRG","ISRG","ISRG","ISRG","FTNT","ISRG","ISRG","ISRG","ISRG","ISRG","ISRG","ISRG","ISRG","ISRG","ISRG","ISRG","ISRG","ISRG","ISRG","ISRG","ISRG","ISRG","ISRG","FTNT","ISRG","ISRG","ISRG","ISRG","ISRG","ISRG","ISRG","ISRG"
"GFS","GFS","GFS","GFS","GFS","GFS","GFS","GFS","GFS","GFS","GFS","GFS","GFS","GFS","GFS","GFS","GFS","GFS","GFS","GFS","GFS","GFS","GFS","GFS","MRVL","MRVL","MRVL","MRVL","MRVL","MRVL","MRVL","MRVL","MRVL","MRVL","GEHC","MRVL","MRVL","MRVL","MRVL","MRVL","GEHC","MRVL","MRVL","MRVL","MRVL","MRVL","MRVL","MRVL","MRVL","MRVL","MRVL","MRVL","MRVL","MRVL","MRVL","MRVL","MRVL","MRVL","MRVL","GEHC","MRVL","MRVL","MRVL","MRVL","MRVL","MRVL","MRVL","MRVL"
"GILD","GILD","GILD","GILD","GILD","GILD","GILD","GILD","GILD","GILD","GILD","GILD","GILD","GILD","GILD","GILD","GILD","GILD","GILD","GILD","GILD","GILD","GILD","GILD","ADI","ADI","ADI","ADI","ADI","ADI","ADI","ADI","ADI","ADI","GFS","ADI","ADI","ADI","ADI","ADI","GFS","ADI","ADI","ADI","ADI","ADI","ADI","ADI","ADI","ADI","ADI","ADI","ADI","ADI","ADI","ADI","ADI","ADI","ADI","GFS","ADI","ADI","ADI","ADI","ADI","ADI","ADI","ADI"
"GOOG","GOOG","GOOG","GOOG","GOOG","GOOG","GOOG","GOOG","GOOG","GOOG","GOOG","GOOG","GOOG","GOOG","GOOG","GOOG","GOOG","GOOG","GOOG","GOOG","GOOG","GOOG","GOOG","GOOG","AEP","AEP","AEP","AEP","AEP","AEP","AEP","AEP","AEP","AEP","GILD","AEP","AEP","AEP","AEP","AEP","GILD","AEP","AEP","AEP","AEP","AEP","AEP","AEP","AEP","AEP","AEP","AEP","AEP","AEP","AEP","AEP","AEP","AEP","AEP","GILD","AEP","AEP","AEP","AEP","AEP","AEP","AEP","AEP"
"GOOGL","GOOGL","GOOGL","GOOGL","GOOGL","GOOGL","GOOGL","GOOGL","GOOGL","GOOGL","GOOGL","GOOGL","GOOGL","GOOGL","GOOGL","GOOGL","GOOGL","GOOGL","GOOGL","GOOGL","GOOGL","GOOGL","GOOGL","GOOGL","AMD","AMD","AMD","AMD","AMD","AMD","AMD","AMD","AMD","AMD","GOOG","AMD","AMD","AMD","AMD","AMD","GOOG","AMD","AMD","AMD","AMD","AMD","AMD","AMD","AMD","AMD","AMD","AMD","AMD","AMD","AMD","AMD","AMD","AMD","AMD","GOOG","AMD","AMD","AMD","AMD","AMD","AMD","AMD","AMD"
"HON","HON","HON","HON","HON","HON","HON","HON","HON","HON","HON","HON","HON","HON","HON","HON","HON","HON","HON","HON","HON","HON","HON","HON","ADP","ADP","ADP","ADP","ADP","ADP","ADP","ADP","ADP","ADP","GOOGL","ADP","ADP","ADP","ADP","ADP","GOOGL","ADP","ADP","ADP","ADP","ADP","ADP","ADP","ADP","ADP","ADP","ADP","ADP","ADP","ADP","ADP","ADP","ADP","ADP","GOOGL","ADP","ADP","ADP","ADP","ADP","ADP","ADP","ADP"
"IDXX","IDXX","IDXX","IDXX","IDXX","IDXX","IDXX","IDXX","IDXX","IDXX","IDXX","IDXX","IDXX","IDXX","IDXX","IDXX","IDXX","IDXX","IDXX","IDXX","IDXX","IDXX","IDXX","IDXX","AZN","AZN","AZN","AZN","AZN","AZN","AZN","AZN","AZN","AZN","HON","AZN","AZN","AZN","AZN","AZN","HON","AZN","AZN","AZN","AZN","AZN","AZN","AZN","AZN","AZN","AZN","AZN","AZN","AZN","AZN","AZN","AZN","AZN","AZN","HON","AZN","AZN","AZN","AZN","AZN","AZN","AZN","AZN"
"ILMN","ILMN","ILMN","ILMN","ILMN","ILMN","ILMN","ILMN","ILMN","ILMN","ILMN","ILMN","ILMN","ILMN","ILMN","ILMN","ILMN","ILMN","ILMN","ILMN","ILMN","AXON","AXON","AXON","CDNS","CDNS","CDNS","CDNS","CDNS","CDNS","CDNS","CDNS","CDNS","CDNS","IDXX","CDNS","CDNS","CDNS","CDNS","CDNS","IDXX","CDNS","CDNS","CDNS","CDNS","CDNS","CDNS","CDNS","CDNS","CDNS","CDNS","CDNS","CDNS","CDNS","CDNS","CDNS","CDNS","CDNS","CDNS","IDXX","CDNS","CDNS","CDNS","CDNS","CDNS","CDNS","CDNS","CDNS"
"INTC","INTC","INTC","INTC","INTC","INTC","INTC","INTC","INTC","INTC","INTC","INTC","INTC","INTC","INTC","INTC","INTC","INTC","INTC","INTC","INTC","INTC","INTC","INTC","CSX","CSX","CSX","CSX","CSX","CSX","CSX","CSX","CSX","CSX","INTC","CSX","CSX","CSX","CSX","CSX","INTC","CSX","CSX","CSX","CSX","CSX","CSX","CSX","CSX","CSX","CSX","CSX","CSX","CSX","CSX","CSX","CSX","CSX","CSX","INTC","CSX","CSX","CSX","CSX","CSX","CSX","CSX","CSX"
"INTU","INTU","INTU","INTU","INTU","INTU","INTU","INTU","INTU","INTU","INTU","INTU","INTU","INTU","INTU","INTU","INTU","INTU","INTU","INTU","INTU","INTU","INTU","INTU","HON","HON","HON","HON","HON","HON","HON","HON","HON","HON","INTU","HON","HON","HON","HON","HON","INTU","HON","HON","HON","HON","HON","HON","HON","HON","HON","HON","HON","HON","HON","HON","HON","HON","HON","HON","INTU","HON","HON","HON","HON","HON","HON","HON","HON"
"ISRG","ISRG","ISRG","ISRG","ISRG","ISRG","ISRG","ISRG","ISRG","ISRG","ISRG","ISRG","ISRG","ISRG","ISRG","ISRG","ISRG","ISRG","ISRG","ISRG","ISRG","ISRG","ISRG","ISRG","MAR","MAR","MAR","MAR","MAR","MAR","MAR","MAR","MAR","MAR","ISRG","MAR","MAR","MAR","MAR","MAR","ISRG","MAR","MAR","MAR","MAR","MAR","MAR","MAR","MAR","MAR","MAR","MAR","MAR","MAR","MAR","MAR","MAR","MAR","MAR","ISRG","MAR","MAR","MAR","MAR","MAR","MAR","MAR","MAR"
"KDP","KDP","KDP","KDP","KDP","KDP","KDP","KDP","KDP","KDP","KDP","KDP","KDP","KDP","KDP","KDP","KDP","KDP","KDP","KDP","KDP","KDP","KDP","KDP","MU","MU","MU","MU","MU","MU","MU","MU","MU","MU","KDP","MU","MU","MU","MU","MU","KDP","MU","MU","MU","MU","MU","MU","MU","MU","MU","MU","MU","MU","MU","MU","MU","MU","MU","MU","KDP","MU","MU","MU","MU","MU","MU","MU","MU"
"KHC","KHC","KHC","KHC","KHC","KHC","KHC","KHC","KHC","KHC","KHC","KHC","KHC","KHC","KHC","KHC","KHC","KHC","KHC","KHC","KHC","KHC","KHC","KHC","XEL","XEL","XEL","XEL","XEL","XEL","XEL","XEL","XEL","XEL","KHC","XEL","XEL","XEL","XEL","XEL","KHC","XEL","XEL","XEL","XEL","XEL","XEL","XEL","XEL","XEL","XEL","XEL","XEL","XEL","XEL","XEL","XEL","XEL","XEL","KHC","XEL","XEL","XEL","XEL","XEL","XEL","XEL","XEL"
"KLAC","KLAC","KLAC","KLAC","KLAC","KLAC","KLAC","KLAC","KLAC","KLAC","KLAC","KLAC","KLAC","KLAC","KLAC","KLAC","KLAC","KLAC","KLAC","KLAC","KLAC","KLAC","KLAC","KLAC","EXC","EXC","EXC","EXC","EXC","EXC","EXC","EXC","EXC","EXC","KLAC","EXC","EXC","EXC","EXC","EXC","KLAC","EXC","EXC","EXC","EXC","EXC","EXC","EXC","EXC","EXC","EXC","EXC","EXC","EXC","EXC","EXC","EXC","EXC","EXC","KLAC","EXC","EXC","EXC","EXC","EXC","EXC","EXC","EXC"
"LIN","LIN","LIN","LIN","LIN","LIN","LIN","LIN","LIN","LIN","LIN","LIN","LIN","LIN","LIN","LIN","LIN","LIN","LIN","LIN","LIN","LIN","LIN","LIN","PEP","PEP","PEP","PEP","PEP","PEP","PEP","PEP","PEP","PEP","LIN","PEP","PEP","PEP","PEP","PEP","LIN","PEP","PEP","PEP","PEP","PEP","PEP","PEP","PEP","PEP","PEP","PEP","PEP","PEP","PEP","PEP","PEP","PEP","PEP","LIN","PEP","PEP","PEP","PEP","PEP","PEP","PEP","PEP"
"LRCX","LRCX","LRCX","LRCX","LRCX","LRCX","LRCX","LRCX","LRCX","LRCX","LRCX","LRCX","LRCX","LRCX","LRCX","LRCX","LRCX","LRCX","LRCX","LRCX","LRCX","LRCX","LRCX","LRCX","ROP","ROP","ROP","ROP","ROP","ROP","ROP","ROP","ROP","ROP","LRCX","ROP","ROP","ROP","ROP","ROP","LRCX","ROP","ROP","ROP","ROP","ROP","ROP","ROP","ROP","ROP","ROP","ROP","ROP","ROP","ROP","ROP","ROP","ROP","ROP","LRCX","ROP","ROP","ROP","ROP","ROP","ROP","ROP","ROP"
"LULU","LULU","LULU","LULU","LULU","LULU","LULU","LULU","LULU","LULU","LULU","LULU","LULU","LULU","LULU","LULU","LULU","LULU","LULU","LULU","LULU","LULU","LULU","LULU","TXN","TXN","TXN","TXN","TXN","TXN","TXN","TXN","TXN","TXN","LULU","TXN","TXN","TXN","TXN","TXN","LULU","TXN","TXN","TXN","TXN","TXN","TXN","TXN","TXN","TXN","TXN","TXN","TXN","TXN","TXN","TXN","TXN","TXN","TXN","LULU","TXN","TXN","TXN","TXN","TXN","TXN","TXN","TXN"
"MAR","MAR","MAR","MAR","MAR","MAR","MAR","MAR","MAR","MAR","MAR","MAR","MAR","MAR","MAR","MAR","MAR","MAR","MAR","MAR","MAR","MAR","MAR","MAR","AXON","AXON","AXON","AXON","AXON","AXON","AXON","AXON","AXON","AXON","MAR","AXON","AXON","AXON","AXON","AXON","MAR","AXON","AXON","AXON","AXON","AXON","AXON","AXON","AXON","AXON","AXON","AXON","AXON","AXON","AXON","AXON","AXON","AXON","AXON","MAR","AXON","AXON","AXON","AXON","AXON","AXON","AXON","AXON"
"MCHP","MCHP","MCHP","MCHP","MCHP","MCHP","MCHP","MCHP","MCHP","MCHP","MCHP","MCHP","MCHP","MCHP","MCHP","MCHP","MCHP","MCHP","MCHP","MCHP","MCHP","MCHP","MCHP","MCHP","MDLZ","MDLZ","MDLZ","MDLZ","MDLZ","MDLZ","MDLZ","MDLZ","MDLZ","MDLZ","MCHP","MDLZ","MDLZ","MDLZ","MDLZ","MDLZ","MCHP","MDLZ","MDLZ","MDLZ","MDLZ","MDLZ","MDLZ","MDLZ","MDLZ","MDLZ","MDLZ","MDLZ","MDLZ","MDLZ","MDLZ","MDLZ","MDLZ","MDLZ","MDLZ","MCHP","MDLZ","MDLZ","MDLZ","MDLZ","MDLZ","MDLZ","MDLZ","MDLZ"
"MDB","MDB","MDB","MDB","MDB","MDB","MDB","MDB","MDB","MDB","MDB","MDB","MDB","MDB","MDB","MDB","MDB","MDB","MDB","MDB","MDB","MDB","MDB","MDB","NFLX","NFLX","NFLX","NFLX","NFLX","NFLX","NFLX","NFLX","NFLX","NFLX","MDB","NFLX","NFLX","NFLX","NFLX","NFLX","MDB","NFLX","NFLX","NFLX","NFLX","NFLX","NFLX","NFLX","NFLX","NFLX","NFLX","NFLX","NFLX","NFLX","NFLX","NFLX","NFLX","NFLX","NFLX","MDB","NFLX","NFLX","NFLX","NFLX","NFLX","NFLX","NFLX","NFLX"
"MDLZ","MDLZ","MDLZ","MDLZ","MDLZ","MDLZ","MDLZ","MDLZ","MDLZ","MDLZ","MDLZ","MDLZ","MDLZ","MDLZ","MDLZ","MDLZ","MDLZ","MDLZ","MDLZ","MDLZ","MDLZ","MDLZ","MDLZ","MDLZ","GOOGL","GOOGL","GOOGL","GOOGL","GOOGL","GOOGL","GOOGL","GOOGL","GOOGL","GOOGL","MDLZ","GOOGL","GOOGL","GOOGL","GOOGL","GOOGL","MDLZ","GOOGL","GOOGL","GOOGL","GOOGL","GOOGL","GOOGL","GOOGL","GOOGL","GOOGL","GOOGL","GOOGL","GOOGL","GOOGL","GOOGL","GOOGL","GOOGL","GOOGL","GOOGL","MDLZ","GOOGL","GOOGL","GOOGL","GOOGL","GOOGL","GOOGL","GOOGL","GOOGL"
"MELI","MELI","MELI","MELI","MELI","MELI","MELI","MELI","MELI","MELI","MELI","MELI","MELI","MELI","MELI","MELI","MELI","MELI","MELI","MELI","MELI","MELI","MELI","MELI","DXCM","DXCM","DXCM","DXCM","DXCM","DXCM","DXCM","DXCM","DXCM","DXCM","MELI","DXCM","DXCM","DXCM","DXCM","DXCM","MELI","DXCM","DXCM","DXCM","DXCM","DXCM","DXCM","DXCM","DXCM","DXCM","DXCM","DXCM","DXCM","DXCM","DXCM","DXCM","DXCM","DXCM","DXCM","MELI","DXCM","DXCM","DXCM","DXCM","DXCM","DXCM","DXCM","DXCM"
"META","META","META","META","META","META","META","META","META","META","META","META","META","META","META","META","META","META","META","META","META","META","META","META","TMUS","TMUS","TMUS","TMUS","TMUS","TMUS","TMUS","TMUS","TMUS","TMUS","META","TMUS","TMUS","TMUS","TMUS","TMUS","META","TMUS","TMUS","TMUS","TMUS","TMUS","TMUS","TMUS","TMUS","TMUS","TMUS","TMUS","TMUS","TMUS","TMUS","TMUS","TMUS","TMUS","TMUS","META","TMUS","TMUS","TMUS","TMUS","TMUS","TMUS","TMUS","TMUS"
"MNST","MNST","MNST","MNST","MNST","MNST","MNST","MNST","MNST","MNST","MNST","MNST","MNST","MNST","MNST","MNST","MNST","MNST","MNST","MNST","MNST","MNST","MNST","MNST","LULU","LULU","LULU","LULU","LULU","LULU","LULU","LULU","LULU","LULU","MNST","LULU","LULU","LULU","LULU","LULU","MNST","LULU","LULU","LULU","LULU","LULU","LULU","LULU","LULU","LULU","LULU","LULU","LULU","LULU","LULU","LULU","LULU","LULU","LULU","MNST","LULU","LULU","LULU","LULU","LULU","LULU","LULU","LULU"
"MRNA","MRNA","MRNA","MRNA","MRNA","MRNA","MRNA","MRNA","MRNA","MRNA","MRNA","MRNA","MRNA","MRNA","MRNA","MRNA","MRNA","MRNA","MRNA","MRNA","MRNA","MSTR","MSTR","MSTR","MELI","MELI","MELI","MELI","MELI","MELI","MELI","MELI","MELI","MELI","MRVL","MELI","MELI","MELI","MELI","MELI","MRVL","MELI","MELI","MELI","MELI","MELI","MELI","MELI","MELI","MELI","MELI","MELI","MELI","MELI","MELI","MELI","MELI","MELI","MELI","MRVL","MELI","MELI","MELI","MELI","MELI","MELI","MELI","MELI"
"MRVL","MRVL","MRVL","MRVL","MRVL","MRVL","MRVL","MRVL","MRVL","MRVL","MRVL","MRVL","MRVL","MRVL","MRVL","MRVL","MRVL","MRVL","MRVL","MRVL","MRVL","MRVL","MRVL","MRVL","KDP","KDP","KDP","KDP","KDP","KDP","KDP","KDP","KDP","KDP","MSFT","KDP","KDP","KDP","KDP","KDP","MSFT","KDP","KDP","KDP","KDP","KDP","KDP","KDP","KDP","KDP","KDP","KDP","KDP","KDP","KDP","KDP","KDP","KDP","KDP","MSFT","KDP","KDP","KDP","KDP","KDP","KDP","KDP","KDP"
"MSFT","MSFT","MSFT","MSFT","MSFT","MSFT","MSFT","MSFT","MSFT","MSFT","MSFT","MSFT","MSFT","MSFT","MSFT","MSFT","MSFT","MSFT","MSFT","MSFT","MSFT","MSFT","MSFT","MSFT","AVGO","AVGO","AVGO","AVGO","AVGO","AVGO","AVGO","AVGO","AVGO","AVGO","MSTR","AVGO","AVGO","AVGO","AVGO","AVGO","MSTR","AVGO","AVGO","AVGO","AVGO","AVGO","AVGO","AVGO","AVGO","AVGO","AVGO","AVGO","AVGO","AVGO","AVGO","AVGO","AVGO","AVGO","AVGO","MSTR","AVGO","AVGO","AVGO","AVGO","AVGO","AVGO","AVGO","AVGO"
"MU","MU","MU","MU","MU","MU","MU","MU","MU","MU","MU","MU","MU","MU","MU","MU","MU","MU","MU","MU","MU","MU","MU","MU","VRSK","VRSK","VRSK","VRSK","VRSK","VRSK","VRSK","VRSK","VRSK","VRSK","MU","VRSK","VRSK","VRSK","VRSK","VRSK","MU","VRSK","VRSK","VRSK","VRSK","VRSK","VRSK","VRSK","VRSK","VRSK","VRSK","VRSK","VRSK","VRSK","VRSK","VRSK","VRSK","VRSK","VRSK","MU","VRSK","VRSK","VRSK","VRSK","VRSK","VRSK","VRSK","VRSK"
"NFLX","NFLX","NFLX","NFLX","NFLX","NFLX","NFLX","NFLX","NFLX","NFLX","NFLX","NFLX","NFLX","NFLX","NFLX","NFLX","NFLX","NFLX","NFLX","NFLX","NFLX","NFLX","NFLX","NFLX","FTNT","FTNT","FTNT","FTNT","FTNT","FTNT","FTNT","FTNT","FTNT","FTNT","NFLX","FTNT","FTNT","FTNT","FTNT","FTNT","NFLX","FTNT","FTNT","FTNT","FTNT","FTNT","FTNT","FTNT","FTNT","FTNT","FTNT","FTNT","FTNT","FTNT","FTNT","FTNT","FTNT","FTNT","FTNT","NFLX","FTNT","FTNT","FTNT","FTNT","FTNT","FTNT","FTNT","FTNT"
"NVDA","NVDA","NVDA","NVDA","NVDA","NVDA","NVDA","NVDA","NVDA","NVDA","NVDA","NVDA","NVDA","NVDA","NVDA","NVDA","NVDA","NVDA","NVDA","NVDA","NVDA","NVDA","NVDA","NVDA","CHTR","CHTR","CHTR","CHTR","CHTR","CHTR","CHTR","CHTR","CHTR","CHTR","NVDA","CHTR","CHTR","CHTR","CHTR","CHTR","NVDA","CHTR","CHTR","CHTR","CHTR","CHTR","CHTR","CHTR","CHTR","CHTR","CHTR","CHTR","CHTR","CHTR","CHTR","CHTR","CHTR","CHTR","CHTR","NVDA","CHTR","CHTR","CHTR","CHTR","CHTR","CHTR","CHTR","CHTR"
"NXPI","NXPI","NXPI","NXPI","NXPI","NXPI","NXPI","NXPI","NXPI","NXPI","NXPI","NXPI","NXPI","NXPI","NXPI","NXPI","NXPI","NXPI","NXPI","NXPI","NXPI","NXPI","NXPI","NXPI","TSLA","TSLA","TSLA","TSLA","TSLA","TSLA","TSLA","TSLA","TSLA","TSLA","NXPI","TSLA","TSLA","TSLA","TSLA","TSLA","NXPI","TSLA","TSLA","TSLA","TSLA","TSLA","TSLA","TSLA","TSLA","TSLA","TSLA","TSLA","TSLA","TSLA","TSLA","TSLA","TSLA","TSLA","TSLA","NXPI","TSLA","TSLA","TSLA","TSLA","TSLA","TSLA","TSLA","TSLA"
"ODFL","ODFL","ODFL","ODFL","ODFL","ODFL","ODFL","ODFL","ODFL","ODFL","ODFL","ODFL","ODFL","ODFL","ODFL","ODFL","ODFL","ODFL","ODFL","ODFL","ODFL","ODFL","ODFL","ODFL","NXPI","NXPI","NXPI","NXPI","NXPI","NXPI","NXPI","NXPI","NXPI","NXPI","ODFL","NXPI","NXPI","NXPI","NXPI","NXPI","ODFL","NXPI","NXPI","NXPI","NXPI","NXPI","NXPI","NXPI","NXPI","NXPI","NXPI","NXPI","NXPI","NXPI","NXPI","NXPI","NXPI","NXPI","NXPI","ODFL","NXPI","NXPI","NXPI","NXPI","NXPI","NXPI","NXPI","NXPI"
"ON","ON","ON","ON","ON","ON","ON","ON","ON","ON","ON","ON","ON","ON","ON","ON","ON","ON","ON","ON","ON","ON","ON","ON","FANG","FANG","FANG","FANG","FANG","FANG","FANG","FANG","FANG","FANG","ON","FANG","FANG","FANG","FANG","FANG","ON","FANG","FANG","FANG","FANG","FANG","FANG","FANG","FANG","FANG","FANG","FANG","FANG","FANG","FANG","FANG","FANG","FANG","FANG","ON","FANG","FANG","FANG","FANG","FANG","FANG","FANG","FANG"
"ORLY","ORLY","ORLY","ORLY","ORLY","ORLY","ORLY","ORLY","ORLY","ORLY","ORLY","ORLY","ORLY","ORLY","ORLY","ORLY","ORLY","ORLY","ORLY","ORLY","ORLY","ORLY","ORLY","ORLY","META","META","META","META","META","META","META","META","META","META","ORLY","META","META","META","META","META","ORLY","META","META","META","META","META","META","META","META","META","META","META","META","META","META","META","META","META","META","ORLY","META","META","META","META","META","META","META","META"
"PANW","PANW","PANW","PANW","PANW","PANW","PANW","PANW","PANW","PANW","PANW","PANW","PANW","PANW","PANW","PANW","PANW","PANW","PANW","PANW","PANW","PANW","PANW","PANW","PANW","PANW","PANW","PANW","PANW","PANW","PANW","PANW","PANW","PANW","PANW","PANW","PANW","PANW","PANW","PANW","PANW","PANW","PANW","PANW","PANW","PANW","PANW","PANW","PANW","PANW","PANW","PANW","PANW","PANW","PANW","PANW","PANW","PANW","PANW","PANW","PANW","PANW","PANW","PANW","PANW","PANW","PANW","PANW"
"PAYX","PAYX","PAYX","PAYX","PAYX","PAYX","PAYX","PAYX","PAYX","PAYX","PAYX","PAYX","PAYX","PAYX","PAYX","PAYX","PAYX","PAYX","PAYX","PAYX","PAYX","PAYX","PAYX","PAYX","WDAY","WDAY","WDAY","WDAY","WDAY","WDAY","WDAY","WDAY","WDAY","WDAY","PAYX","WDAY","WDAY","WDAY","WDAY","WDAY","PAYX","WDAY","WDAY","WDAY","WDAY","WDAY","WDAY","WDAY","WDAY","WDAY","WDAY","WDAY","WDAY","WDAY","WDAY","WDAY","WDAY","WDAY","WDAY","PAYX","WDAY","WDAY","WDAY","WDAY","WDAY","WDAY","WDAY","WDAY"
"PCAR","PCAR","PCAR","PCAR","PCAR","PCAR","PCAR","PCAR","PCAR","PCAR","PCAR","PCAR","PCAR","PCAR","PCAR","PCAR","PCAR","PCAR","PCAR","PCAR","PCAR","PCAR","PCAR","PCAR","CDW","CDW","CDW","CDW","CDW","CDW","CDW","CDW","CDW","CDW","PCAR","CDW","CDW","CDW","CDW","CDW","PCAR","CDW","CDW","CDW","CDW","CDW","CDW","CDW","CDW","CDW","CDW","CDW","CDW","CDW","CDW","CDW","CDW","CDW","CDW","PCAR","CDW","CDW","CDW","CDW","CDW","CDW","CDW","CDW"
"PDD","PDD","PDD","PDD","PDD","PDD","PDD","PDD","PDD","PDD","PDD","PDD","PDD","PDD","PDD","PDD","PDD","PDD","PDD","PDD","PDD","PDD","PDD","PDD","GOOG","GOOG","GOOG","GOOG","GOOG","GOOG","GOOG","GOOG","GOOG","GOOG","PDD","GOOG","GOOG","GOOG","GOOG","GOOG","PDD","GOOG","GOOG","GOOG","GOOG","GOOG","GOOG","GOOG","GOOG","GOOG","GOOG","GOOG","GOOG","GOOG","GOOG","GOOG","GOOG","GOOG","GOOG","PDD","GOOG","GOOG","GOOG","GOOG","GOOG","GOOG","GOOG","GOOG"
"PEP","PEP","PEP","PEP","PEP","PEP","PEP","PEP","PEP","PEP","PEP","PEP","PEP","PEP","PEP","PEP","PEP","PEP","PEP","PEP","PEP","PEP","PEP","PEP","PYPL","PYPL","PYPL","PYPL","PYPL","PYPL","PYPL","PYPL","PYPL","PYPL","PEP","PYPL","PYPL","PYPL","PYPL","PYPL","PEP","PYPL","PYPL","PYPL","PYPL","PYPL","PYPL","PYPL","PYPL","PYPL","PYPL","PYPL","PYPL","PYPL","PYPL","PYPL","PYPL","PYPL","PYPL","PEP","PYPL","PYPL","PYPL","PYPL","PYPL","PYPL","PYPL","PYPL"
"PYPL","PYPL","PYPL","PYPL","PYPL","PYPL","PYPL","PYPL","PYPL","PYPL","PYPL","PYPL","PYPL","PYPL","PYPL","PYPL","PYPL","PYPL","PYPL","PYPL","PYPL","PYPL","PYPL","PYPL","KHC","KHC","KHC","KHC","KHC","KHC","KHC","KHC","KHC","KHC","PLTR","KHC","KHC","KHC","KHC","KHC","PLTR","KHC","KHC","KHC","KHC","KHC","KHC","KHC","KHC","KHC","KHC","KHC","KHC","KHC","KHC","KHC","KHC","KHC","KHC","PLTR","KHC","KHC","KHC","KHC","KHC","KHC","KHC","KHC"
"QCOM","QCOM","QCOM","QCOM","QCOM","QCOM","QCOM","QCOM","QCOM","QCOM","QCOM","QCOM","QCOM","QCOM","QCOM","QCOM","QCOM","QCOM","QCOM","QCOM","QCOM","QCOM","QCOM","QCOM","TEAM","TEAM","TEAM","TEAM","TEAM","TEAM","TEAM","TEAM","TEAM","TEAM","PYPL","TEAM","TEAM","TEAM","TEAM","TEAM","PYPL","TEAM","TEAM","TEAM","TEAM","TEAM","TEAM","TEAM","TEAM","TEAM","TEAM","TEAM","TEAM","TEAM","TEAM","TEAM","TEAM","TEAM","TEAM","PYPL","TEAM","TEAM","TEAM","TEAM","TEAM","TEAM","TEAM","TEAM"
"REGN","REGN","REGN","REGN","REGN","REGN","REGN","REGN","REGN","REGN","REGN","REGN","REGN","REGN","REGN","REGN","REGN","REGN","REGN","REGN","REGN","REGN","REGN","REGN","CCEP","CCEP","CCEP","CCEP","CCEP","CCEP","CCEP","CCEP","CCEP","CCEP","QCOM","CCEP","CCEP","CCEP","CCEP","CCEP","QCOM","CCEP","CCEP","CCEP","CCEP","CCEP","CCEP","CCEP","CCEP","CCEP","CCEP","CCEP","CCEP","CCEP","CCEP","CCEP","CCEP","CCEP","CCEP","QCOM","CCEP","CCEP","CCEP","CCEP","CCEP","CCEP","CCEP","CCEP"
"ROP","ROP","ROP","ROP","ROP","ROP","ROP","ROP","ROP","ROP","ROP","ROP","ROP","ROP","ROP","ROP","ROP","ROP","ROP","ROP","ROP","ROP","ROP","ROP","TTD","TTD","TTD","TTD","TTD","TTD","TTD","TTD","TTD","TTD","REGN","TTD","TTD","TTD","TTD","TTD","REGN","TTD","TTD","TTD","TTD","TTD","TTD","TTD","TTD","TTD","TTD","TTD","TTD","TTD","TTD","TTD","TTD","TTD","TTD","REGN","TTD","TTD","TTD","TTD","TTD","TTD","TTD","TTD"
"ROST","ROST","ROST","ROST","ROST","ROST","ROST","ROST","ROST","ROST","ROST","ROST","ROST","ROST","ROST","ROST","ROST","ROST","ROST","ROST","ROST","ROST","ROST","ROST","BKR","BKR","BKR","BKR","BKR","BKR","BKR","BKR","BKR","BKR","ROP","BKR","BKR","BKR","BKR","BKR","ROP","BKR","BKR","BKR","BKR","BKR","BKR","BKR","BKR","BKR","BKR","BKR","BKR","BKR","BKR","BKR","BKR","BKR","BKR","ROP","BKR","BKR","BKR","BKR","BKR","BKR","BKR","BKR"
"SBUX","SBUX","SBUX","SBUX","SBUX","SBUX","SBUX","SBUX","SBUX","SBUX","SBUX","SBUX","SBUX","SBUX","SBUX","SBUX","SBUX","SBUX","SBUX","SBUX","SBUX","SBUX","SBUX","SBUX","MDB","MDB","MDB","MDB","MDB","MDB","MDB","MDB","MDB","MDB","ROST","MDB","MDB","MDB","MDB","MDB","ROST","MDB","MDB","MDB","MDB","MDB","MDB","MDB","MDB","MDB","MDB","MDB","MDB","MDB","MDB","MDB","MDB","MDB","MDB","ROST","MDB","MDB","MDB","MDB","MDB","MDB","MDB","MDB"
"SMCI","SMCI","SMCI","SMCI","SMCI","SMCI","SMCI","SMCI","SMCI","SMCI","SMCI","SMCI","SMCI","SMCI","SMCI","SMCI","SMCI","SMCI","SMCI","SMCI","SMCI","PLTR","PLTR","PLTR","ZS","ZS","ZS","ZS","ZS","ZS","ZS","ZS","ZS","ZS","SBUX","ZS","ZS","ZS","ZS","ZS","SBUX","ZS","ZS","ZS","ZS","ZS","ZS","ZS","ZS","ZS","ZS","ZS","ZS","ZS","ZS","ZS","ZS","ZS","ZS","SBUX","ZS","ZS","ZS","ZS","ZS","ZS","ZS","ZS"
"SNPS","SNPS","SNPS","SNPS","SNPS","SNPS","SNPS","SNPS","SNPS","SNPS","SNPS","SNPS","SNPS","SNPS","SNPS","SNPS","SNPS","SNPS","SNPS","SNPS","SNPS","SNPS","SNPS","SNPS","PDD","PDD","PDD","PDD","PDD","PDD","PDD","PDD","PDD","PDD","SNPS","PDD","PDD","PDD","PDD","PDD","SNPS","PDD","PDD","PDD","PDD","PDD","PDD","PDD","PDD","PDD","PDD","PDD","PDD","PDD","PDD","PDD","PDD","PDD","PDD","SNPS","PDD","PDD","PDD","PDD","PDD","PDD","PDD","PDD"
"TEAM","TEAM","TEAM","TEAM","TEAM","TEAM","TEAM","TEAM","TEAM","TEAM","TEAM","TEAM","TEAM","TEAM","TEAM","TEAM","TEAM","TEAM","TEAM","TEAM","TEAM","TEAM","TEAM","TEAM","CRWD","CRWD","CRWD","CRWD","CRWD","CRWD","CRWD","CRWD","CRWD","CRWD","TEAM","CRWD","CRWD","CRWD","CRWD","CRWD","TEAM","CRWD","CRWD","CRWD","CRWD","CRWD","CRWD","CRWD","CRWD","CRWD","CRWD","CRWD","CRWD","CRWD","CRWD","CRWD","CRWD","CRWD","CRWD","TEAM","CRWD","CRWD","CRWD","CRWD","CRWD","CRWD","CRWD","CRWD"
"TMUS","TMUS","TMUS","TMUS","TMUS","TMUS","TMUS","TMUS","TMUS","TMUS","TMUS","TMUS","TMUS","TMUS","TMUS","TMUS","TMUS","TMUS","TMUS","TMUS","TMUS","TMUS","TMUS","TMUS","DDOG","DDOG","DDOG","DDOG","DDOG","DDOG","DDOG","DDOG","DDOG","DDOG","TMUS","DDOG","DDOG","DDOG","DDOG","DDOG","TMUS","DDOG","DDOG","DDOG","DDOG","DDOG","DDOG","DDOG","DDOG","DDOG","DDOG","DDOG","DDOG","DDOG","DDOG","DDOG","DDOG","DDOG","DDOG","TMUS","DDOG","DDOG","DDOG","DDOG","DDOG","DDOG","DDOG","DDOG"
"TSLA","TSLA","TSLA","TSLA","TSLA","TSLA","TSLA","TSLA","TSLA","TSLA","TSLA","TSLA","TSLA","TSLA","TSLA","TSLA","TSLA","TSLA","TSLA","TSLA","TSLA","TSLA","TSLA","TSLA","PLTR","PLTR","PLTR","PLTR","PLTR","PLTR","PLTR","PLTR","PLTR","PLTR","TSLA","PLTR","PLTR","PLTR","PLTR","PLTR","TSLA","PLTR","PLTR","PLTR","PLTR","PLTR","PLTR","PLTR","PLTR","PLTR","PLTR","PLTR","PLTR","PLTR","PLTR","PLTR","PLTR","PLTR","PLTR","TSLA","PLTR","PLTR","PLTR","PLTR","PLTR","PLTR","PLTR","PLTR"
"TTD","TTD","TTD","TTD","TTD","TTD","TTD","TTD","TTD","TTD","TTD","TTD","TTD","TTD","TTD","TTD","TTD","TTD","TTD","TTD","TTD","TTD","TTD","TTD","ABNB","ABNB","ABNB","ABNB","ABNB","ABNB","ABNB","ABNB","ABNB","ABNB","TTD","ABNB","ABNB","ABNB","ABNB","ABNB","TTD","ABNB","ABNB","ABNB","ABNB","ABNB","ABNB","ABNB","ABNB","ABNB","ABNB","ABNB","ABNB","ABNB","ABNB","ABNB","ABNB","ABNB","ABNB","TTD","ABNB","ABNB","ABNB","ABNB","ABNB","ABNB","ABNB","ABNB"
"TTWO","TTWO","TTWO","TTWO","TTWO","TTWO","TTWO","TTWO","TTWO","TTWO","TTWO","TTWO","TTWO","TTWO","TTWO","TTWO","TTWO","TTWO","TTWO","TTWO","TTWO","TTWO","TTWO","TTWO","DASH","DASH","DASH","DASH","DASH","DASH","DASH","DASH","DASH","DASH","TTWO","DASH","DASH","DASH","DASH","DASH","TTWO","DASH","DASH","DASH","DASH","DASH","DASH","DASH","DASH","DASH","DASH","DASH","DASH","DASH","DASH","DASH","DASH","DASH","DASH","TTWO","DASH","DASH","DASH","DASH","DASH","DASH","DASH","DASH"
"TXN","TXN","TXN","TXN","TXN","TXN","TXN","TXN","TXN","TXN","TXN","TXN","TXN","TXN","TXN","TXN","TXN","TXN","TXN","TXN","TXN","TXN","TXN","TXN","APP","APP","APP","APP","APP","APP","APP","APP","APP","APP","TXN","APP","APP","APP","APP","APP","TXN","APP","APP","APP","APP","APP","APP","APP","APP","APP","APP","APP","APP","APP","APP","APP","APP","APP","APP","TXN","APP","APP","APP","APP","APP","APP","APP","APP"
"VRSK","VRSK","VRSK","VRSK","VRSK","VRSK","VRSK","VRSK","VRSK","VRSK","VRSK","VRSK","VRSK","VRSK","VRSK","VRSK","VRSK","VRSK","VRSK","VRSK","VRSK","VRSK","VRSK","VRSK","GFS","GFS","GFS","GFS","GFS","GFS","GFS","GFS","GFS","GFS","VRSK","GFS","GFS","GFS","GFS","GFS","VRSK","GFS","GFS","GFS","GFS","GFS","GFS","GFS","GFS","GFS","GFS","GFS","GFS","GFS","GFS","GFS","GFS","GFS","GFS","VRSK","GFS","GFS","GFS","GFS","GFS","GFS","GFS","GFS"
"VRTX","VRTX","VRTX","VRTX","VRTX","VRTX","VRTX","VRTX","VRTX","VRTX","VRTX","VRTX","VRTX","VRTX","VRTX","VRTX","VRTX","VRTX","VRTX","VRTX","VRTX","VRTX","VRTX","VRTX","CEG","CEG","CEG","CEG","CEG","CEG","CEG","CEG","CEG","CEG","VRTX","CEG","CEG","CEG","CEG","CEG","VRTX","CEG","CEG","CEG","CEG","CEG","CEG","CEG","CEG","CEG","CEG","CEG","CEG","CEG","CEG","CEG","CEG","CEG","CEG","VRTX","CEG","CEG","CEG","CEG","CEG","CEG","CEG","CEG"
"WBD","WBD","WBD","WBD","WBD","WBD","WBD","WBD","WBD","WBD","WBD","WBD","WBD","WBD","WBD","WBD","WBD","WBD","WBD","WBD","WBD","WBD","WBD","WBD","WBD","WBD","WBD","WBD","WBD","WBD","WBD","WBD","WBD","WBD","WBD","WBD","WBD","WBD","WBD","WBD","WBD","WBD","WBD","WBD","WBD","WBD","WBD","WBD","WBD","WBD","WBD","WBD","WBD","WBD","WBD","WBD","WBD","WBD","WBD","WBD","WBD","WBD","WBD","WBD","WBD","WBD","WBD","WBD"
"WDAY","WDAY","WDAY","WDAY","WDAY","WDAY","WDAY","WDAY","WDAY","WDAY","WDAY","WDAY","WDAY","WDAY","WDAY","WDAY","WDAY","WDAY","WDAY","WDAY","WDAY","WDAY","WDAY","WDAY","GEHC","GEHC","GEHC","GEHC","GEHC","GEHC","GEHC","GEHC","GEHC","GEHC","WDAY","GEHC","GEHC","GEHC","GEHC","GEHC","WDAY","GEHC","GEHC","GEHC","GEHC","GEHC","GEHC","GEHC","GEHC","GEHC","GEHC","GEHC","GEHC","GEHC","GEHC","GEHC","GEHC","GEHC","GEHC","WDAY","GEHC","GEHC","GEHC","GEHC","GEHC","GEHC","GEHC","GEHC"
"XEL","XEL","XEL","XEL","XEL","XEL","XEL","XEL","XEL","XEL","XEL","XEL","XEL","XEL","XEL","XEL","XEL","XEL","XEL","XEL","XEL","XEL","XEL","XEL","LIN","LIN","LIN","LIN","LIN","LIN","LIN","LIN","LIN","LIN","XEL","LIN","LIN","LIN","LIN","LIN","XEL","LIN","LIN","LIN","LIN","LIN","LIN","LIN","LIN","LIN","LIN","LIN","LIN","LIN","LIN","LIN","LIN","LIN","LIN","XEL","LIN","LIN","LIN","LIN","LIN","LIN","LIN","LIN"
"ZS","ZS","ZS","ZS","ZS","ZS","ZS","ZS","ZS","ZS","ZS","ZS","ZS","ZS","ZS","ZS","ZS","ZS","ZS","ZS","ZS","ZS","ZS","ZS","ARM","ARM","ARM","ARM","ARM","ARM","ARM","ARM","ARM","ARM","ZS","ARM","ARM","ARM","ARM","ARM","ZS","ARM","ARM","ARM","ARM","ARM","ARM","ARM","ARM","ARM","ARM","ARM","ARM","ARM","ARM","ARM","ARM","ARM","ARM","ZS","ARM","ARM","ARM","ARM","ARM","ARM","ARM","ARM"
